Complexity,Loss,Equation
1,1.0372804,"0.013158531"
3,2.2014941e-5,"x0 * -1.0180434"
5,4.2415863e-6,"(x0 - -0.004141387) * -1.018115"
7,4.241502e-6,"((x0 + 0.0020893202) * -2.0181158) + x0"
9,1.9659221e-6,"((x0 * 0.0010056468) + -1.0181587) * (x0 + 0.0051304395)"
10,1.9659205e-6,"(square(x0) * 0.0010056068) + ((x0 + 0.0051304395) * -1.0181528)"
