Complexity,Loss,Equation
1,2.0452633,"1.606908"
3,0.37717828,"1.6031185 - x0"
5,0.17185502,"exp(1.4905423 - exp(x0))"
7,0.06429014,"exp(1.2342597 - exp(x0 / 0.2990472))"
9,0.0035589607,"exp(1.1642203 - exp((x0 + -0.15148553) * 4.2298455))"
10,0.002831778,"exp(1.2072371 - exp((exp(x0) - 1.1609457) * 3.7368498))"
