Complexity,Loss,Equation
1,0.25548518,"0.31711644"
3,0.15325786,"x0 * -0.453887"
4,0.025853267,"0.26691255 / exp(x0)"
5,0.013859865,"square(exp(-1.3472786 - x0))"
6,0.0017665854,"exp(-1.0641115 - x0) + -0.22886865"
8,0.0002354025,"cube((x0 + -1.2297254) * -0.41166803) + -0.070042565"
10,0.0001998354,"cube((x0 + -0.9506909) * -0.44118857) + (x0 * -0.05759058)"
