Complexity,Loss,Equation
1,0.3136294,"-0.39001712"
3,0.21796152,"x0 * 0.5053713"
5,0.04006198,"x0 / (x0 + 2.4491103)"
6,0.0052644843,"log(x0 - -2.0878887) - 1.0077347"
7,0.0003995713,"(x0 / (x0 + 2.5928965)) + -0.2164764"
9,0.00039639595,"((x0 / (x0 + 2.6058464)) / 0.988923) + -0.21709819"
