Complexity,Loss,Equation
1,0.00013321321,"0.032672107"
5,2.5515485e-5,"-0.099265166 / (x0 - 3.398299)"
7,2.4501585e-5,"(-0.06208579 / (x0 - 2.8828256)) + 0.007464756"
9,1.591235e-5,"0.025889928 - (((-1.3029572 - x0) * 0.0067207273) * x0)"
