Complexity,Loss,Equation
1,0.417381,"0.6472893"
3,0.12666963,"x0 + 0.5963369"
4,0.04343008,"exp(x0 + -0.9103253)"
5,0.0019380667,"(x0 + 0.95085955) * 0.6459662"
7,0.0019380663,"log(exp((x0 + 0.95085955) * 0.6459662))"
8,9.676472e-5,"(x0 + exp(x0 * -0.3431542)) + -0.44522804"
9,2.0363941e-5,"(x0 + exp(exp(x0 * -0.12842716))) + -2.149198"
10,4.4682442e-6,"exp((x0 + -0.7566616) * -0.281952) + (x0 + -0.67283964)"
