Complexity,Loss,Equation
1,0.3404813,"0.51771826"
3,0.20201321,"0.48402476 - x0"
4,0.050655965,"0.48402476 - sin(x0)"
5,0.010535415,"(x0 * -0.56843495) - -0.49900767"
7,0.00077133125,"(10.412238 / (x0 + 4.505543)) + -1.9413211"
9,0.00033484102,"0.67142123 / ((-1.6960757 / (x0 + -0.84982234)) + -0.27157947)"
