Complexity,Loss,Equation
1,0.07704109,"-0.3384472"
5,0.0019997254,"(x0 * 0.28099433) - 0.35048816"
6,0.000110488094,"log((x0 * 0.20029289) + 0.7313705)"
8,4.4116798e-5,"log((x0 * 0.22396375) + 0.6893231) * 0.8212346"
9,1.706515e-5,"(x0 * ((x0 * -0.05121062) + 0.2855338)) + -0.30191574"
