Complexity,Loss,Equation
1,0.0020938686,"0.0042667906"
3,0.0010010499,"x0 * -0.034157906"
5,0.00096817204,"(x0 * -0.034415606) - -0.005736166"
6,0.00034130356,"0.042219553 * log(1.7705089 - x0)"
8,0.0002851287,"-0.009121345 - (log(1.7879182 - x0) * -0.046920277)"
9,0.00019812073,"(x0 + -0.6770104) * (-0.053191572 - (x0 * 0.031915937))"
10,0.0001764163,"log(1.0364493 - ((x0 + (x0 * x0)) * 0.03132398))"
