Complexity,Loss,Equation
1,0.3136294,"-0.3899835"
3,0.21796152,"x0 / 1.9787408"
5,0.04006198,"x0 / (x0 + 2.44911)"
6,0.017113317,"square(1.0589557 - x0) * -0.22525398"
7,0.0003995714,"(x0 / (x0 + 2.5929017)) - 0.21648207"
9,0.000396396,"((x0 / (x0 + 2.6058803)) * 1.0112399) - 0.21709628"
