Complexity,Loss,Equation
1,0.022175293,"0.217766"
3,0.009397754,"x0 * 0.13182734"
5,0.003714368,"x0 / (x0 + 4.5506606)"
6,0.0014641468,"x0 / (square(x0) + 2.6957076)"
7,0.00074132264,"1.3867844 / (x0 + (4.591108 / x0))"
8,8.409128e-5,"cube((x0 / 4.264598) + -0.66558105) - -0.3172017"
