Complexity,Loss,Equation
1,0.058667168,"0.2235626"
3,0.05576834,"x0 * -0.23566021"
5,0.0010757736,"(x0 * -0.24616495) + 0.23408967"
7,0.0010757725,"x0 + (0.23409028 - (x0 * 1.2461729))"
8,0.0004244943,"(log(x0 - -4.6739078) * -1.1310332) - -1.952753"
9,0.00039973215,"(2.133348 / ((-8.7719555 - x0) / x0)) - -0.20735487"
