Complexity,Loss,Equation
1,3.7978578,"2.2062259"
3,0.9424515,"2.2108161 - x0"
4,0.68580216,"exp(0.2767041 - x0)"
5,0.034646284,"(1.1272613 - x0) * 1.9652239"
7,0.034646276,"(1.5186803 - (x0 * 1.9652355)) + 0.69664735"
9,0.013316915,"(x0 * -2.1689618) + log(cube(x0) + 9.392825)"
