Complexity,Loss,Equation
1,5.831903,"-2.321568"
4,1.6963992,"-1.3205428 - square(x0)"
6,1.3023854,"(square(x0) / -0.70510995) + -0.901873"
7,0.16234963,"log(square(x0) + 0.9794361) / -0.22156501"
9,0.048387192,"-8.334784 - (cube(square(x0) - 7.189986) * 0.022414772)"
