Complexity,Loss,Equation
1,0.3136294,"-0.39005157"
3,0.21796152,"x0 / 1.9787434"
5,0.04006198,"x0 / (x0 - -2.4491851)"
6,0.005264485,"log((-2.087842 - x0) * -0.36505035)"
7,0.00039957114,"(x0 / (x0 + 2.5928824)) + -0.21646388"
