Complexity,Loss,Equation
1,7.118568e-5,"0.002654515"
3,3.933004e-5,"x0 * 0.0063917898"
5,1.8914485e-5,"-0.004844931 / (x0 + -1.8786769)"
7,5.077929e-6,"(-0.015150275 / (x0 - 2.1011758)) + -0.00786023"
9,4.7952494e-6,"((-0.010462005 / (x0 - 2.2365098)) + -0.0019850368) * x0"
