Complexity,Loss,Equation
1,0.07704109,"-0.3384472"
5,0.0019997254,"(x0 * 0.28099355) + -0.350487"
6,0.00011048804,"log(x0 + 3.6514583) - 1.6079607"
7,2.3518865e-5,"(-8.808877 / (x0 - -5.709288)) - -1.2393987"
9,1.7065146e-5,"-0.30191305 - (((x0 * 0.051212363) + -0.2855348) * x0)"
10,1.2488843e-5,"-0.3017383 - (x0 * log((x0 * 0.038715303) + 0.7533368))"
