Complexity,Loss,Equation
1,60.456505,"6.5411754"
3,47.041245,"6.5392046 - x0"
4,3.433345,"exp(1.5348418 - x0)"
6,1.6239227,"exp(exp(1.3364865 - exp(x0)))"
7,0.12841965,"exp(3.5900016 - (exp(x0) * 2.4750152))"
9,0.019887736,"log(exp(2.5903099 - (x0 * 12.038151)) + 0.9012496)"
