Complexity,Loss,Equation
1,0.0004323182,"-0.009942386"
5,0.0002657586,"(x0 * x0) * -0.012604771"
7,0.0002254841,"(x0 * -0.013094368) * (x0 - 0.49912304)"
8,0.00011887113,"log(1.9211597 - x0) * (x0 * 0.020191254)"
10,0.000104393774,"((log(1.9197071 - x0) * x0) * 0.02326353) + 0.0049231136"
