Complexity,Loss,Equation
1,0.013374255,"0.24515224"
3,0.008902783,"x0 * 0.1334747"
5,0.005537968,"(x0 + 1.2573192) * 0.08591428"
6,0.0023169676,"log(x0 - -1.1519238) * 0.2602193"
7,0.0009394256,"x0 * ((x0 * -0.052498825) + 0.26988202)"
8,7.300174e-5,"(exp(x0 * -0.4238599) * x0) * 0.37317556"
10,1.4673456e-5,"x0 * (0.36896777 * (exp(x0 * -0.53977203) + 0.08633149))"
