Complexity,Loss,Equation
1,1.8394018,"x0"
2,0.9478022,"log(x0)"
4,0.19908597,"log(x0) + x0"
6,0.060221948,"log(x0) + (x0 * 1.6545546)"
7,0.0073797656,"log(square(x0 + (x0 + 0.10628066)))"
9,0.006007672,"log(square(x0 + (x0 + 0.09821031))) - -0.051264163"
