Complexity,Loss,Equation
1,0.75973237,"-0.74414176"
4,0.15398782,"square(x0) + -1.792611"
6,0.0056995978,"log(log(square(x0) + 1.087312))"
8,0.0026048743,"log(log(square(x0) + 1.138545)) * 1.1788881"
9,0.0024125099,"(log(square(x0) - -0.0855354) * 0.78615713) + -0.46441102"
10,0.0010428334,"(log(square(square(x0)) - -0.005262252) * 0.35549942) + -0.38072467"
