Complexity,Loss,Equation
1,5.831903,"-2.3215675"
4,1.6963993,"-1.3201463 - square(x0)"
6,1.3023854,"(-0.6359734 - square(x0)) / 0.70510477"
7,0.4404627,"-6.3429384 - (-6.8786197 / exp(square(x0)))"
8,0.093884945,"-12.27177 - (-33.69481 / (square(x0) + 2.7121646))"
9,0.037421077,"-8.263072 - (-15.707898 / (square(square(x0)) + 1.9833163))"
