Complexity,Loss,Equation
1,0.2513695,"0.07992649"
3,0.010992985,"x0 * -0.5090683"
5,0.000603662,"(x0 * -0.5136635) + 0.102026485"
7,0.0006036607,"((x0 * -1.5136683) + 0.10202586) + x0"
9,8.89598e-5,"(x0 + -0.24486057) * ((x0 * -0.026092889) + -0.51774013)"
