Complexity,Loss,Equation
1,0.3404813,"0.5177695"
3,0.20200807,"0.48136115 - x0"
4,0.023753662,"exp(-1.057473 - x0)"
5,0.010531965,"(x0 + -0.8767204) * -0.5672084"
6,0.008230545,"exp(x0 - 1.2198281) - x0"
7,0.007980032,"exp((0.4211457 - exp(x0)) * 1.9091451)"
9,0.00040268988,"((x0 * -3.0975873) / (x0 + 5.7678623)) + 0.39831048"
