Complexity,Loss,Equation
1,0.042294983,"0.1152927"
3,0.01889676,"x0 * -0.19632174"
5,0.0035665024,"(x0 * -0.20186456) - -0.123936795"
7,0.0019723426,"x0 * (-0.20957696 - (x0 * -0.1011647))"
9,0.00026200735,"(x0 * ((x0 * 0.0661155) - 0.2077263)) + 0.061227776"
