Complexity,Loss,Equation
1,0.33182284,"0.4372054"
3,0.1777414,"0.48001873 - x0"
4,0.032942012,"exp(-1.0499227 - x0)"
5,0.01093512,"(0.79606616 - x0) / 1.7213943"
6,0.006019435,"exp(x0 - 1.2373989) - x0"
8,5.355672e-6,"square(0.5903353 - (x0 * -0.34610015)) - x0"
9,5.079756e-6,"(4.2376256 - x0) * ((0.68340576 - x0) / 8.316337)"
