Complexity,Loss,Equation
1,0.3504858,"-0.4802632"
3,0.20635203,"x0 + -0.5231709"
5,0.03535229,"(x0 + -0.8767736) * 0.575828"
6,0.0015418981,"log(x0 - -2.0156448) - 1.0538496"
7,0.00044242234,"1.1614236 - (4.5732512 / (x0 + 3.0769129))"
