Complexity,Loss,Equation
1,0.0059074927,"-0.013879635"
3,3.6928683e-5,"x0 * -0.3084256"
5,2.4417875e-5,"x0 / (x0 + -3.690674)"
7,6.375688e-7,"((x0 * -0.051459644) + -0.29135418) * x0"
8,6.375678e-7,"square(x0) * ((-0.29135424 / x0) + -0.051459286)"
