Complexity,Loss,Equation
1,0.11012785,"0.21241936"
3,0.039998904,"x0 * 0.34787992"
5,0.0008968745,"(x0 * 0.33901456) + 0.19793282"
7,0.0008968733,"((x0 - -0.1478196) * 1.339014) - x0"
8,0.00029601884,"(51.376427 / log(18.13856 - x0)) + -17.545218"
9,9.911016e-5,"(x0 / ((11.63905 - x0) / 3.8674111)) + 0.1703671"
