Complexity,Loss,Equation
1,0.3404813,"0.5177695"
3,0.20200796,"0.48198065 - x0"
4,0.023750806,"exp(-1.0594579 - x0)"
5,0.01053185,"(x0 * -0.5677336) + 0.49714562"
6,0.00088637613,"exp(x0 / -1.9486983) - 0.64237756"
7,0.0002377751,"exp(exp(x0 / -5.0953007)) - 2.3329542"
8,7.881247e-6,"square((x0 * -0.3406309) + 0.8293671) - 0.30942765"
