Complexity,Loss,Equation
1,1.0730876,"0.85266733"
3,0.23318988,"0.83548677 - x0"
5,0.19838113,"exp(0.99335766 - exp(x0))"
6,0.10471702,"exp(0.855932 - square(exp(x0)))"
7,0.077396184,"exp(1.3337766 - exp(x0)) - 0.6199659"
8,0.058289863,"exp(1.0337546 - square(exp(x0))) - 0.3326446"
9,0.057301685,"exp(1.0820258 - exp(x0 / 0.5716842)) - 0.3691701"
10,0.036376186,"exp(1.036446 - square(exp(x0) * 0.8119436)) - 0.539625"
