Complexity,Loss,Equation
1,0.0005703827,"-0.04080151"
5,0.00031474233,"0.06563442 / (x0 - 2.3140185)"
7,0.0001998227,"(0.018301832 / (x0 - 1.9081935)) + -0.023884404"
9,0.00010187551,"(0.060480118 / (x0 - 2.0981355)) + (x0 * 0.018727573)"
