Complexity,Loss,Equation
1,0.058667168,"0.22350852"
3,0.05576834,"x0 * -0.23566006"
5,0.0010757735,"(0.9509428 - x0) * 0.24616133"
6,0.00043602983,"1.63384 - log(x0 + 4.1713095)"
8,0.0004244974,"(log(x0 + 4.682605) - 1.7280525) * -1.1333078"
9,0.00033459862,"(((x0 * 0.031311963) - 0.24893938) * x0) - -0.2043921"
10,0.00026983724,"log((((x0 * 0.07755904) - 0.32756743) * x0) - -1.2283531)"
