Complexity,Loss,Equation
1,0.016069766,"-0.016077435"
3,0.000108003216,"x0 * -0.12748061"
5,1.609624e-5,"(x0 + 0.07561596) * -0.12699263"
7,1.1056382e-5,"((x0 * -0.0074382164) + -0.12663817) * x0"
8,1.4661174e-6,"((exp(x0) * 0.05196115) + x0) * -0.11856254"
9,2.2406978e-9,"(((x0 * -0.0045851907) + -0.12669536) * x0) - 0.0050380817"
10,1.6597085e-9,"(x0 * (exp(x0 * -0.004585922) + -1.1267141)) - 0.005037308"
