Complexity,Loss,Equation
1,0.3504858,"-0.48026225"
3,0.20635203,"x0 + -0.5231709"
4,0.015909508,"-0.3758337 / exp(x0)"
6,0.0015418984,"log((x0 - -2.0156922) / 2.8687866)"
7,0.00044242688,"(-4.5742154 / (x0 - -3.0772672)) - -1.1615028"
8,0.0003518513,"0.33731776 - exp((-0.5669521 - x0) / 1.28327)"
