Complexity,Loss,Equation
1,0.63220197,"0.3241272"
3,0.22533391,"0.32015178 - x0"
4,0.13839068,"exp(-1.0232117 - x0)"
5,0.02008123,"x0 / (-2.3184369 - x0)"
6,0.0072815116,"x0 / (-0.57099426 - exp(x0))"
8,0.0026572477,"(x0 + 0.14156286) / (-0.4843726 - exp(x0))"
9,0.0025571894,"(x0 / (0.54187405 - exp(exp(x0)))) + -0.162048"
10,0.0005318208,"((x0 + 0.33495408) / (-0.42088473 - exp(x0))) - -0.1298075"
