Complexity,Loss,Equation
1,2.982878e-7,"-0.00040954544"
4,9.82637e-8,"exp(x0) * -0.00028800964"
6,5.946257e-8,"square(x0 + 0.63213694) * -0.00031224475"
8,5.8638367e-8,"3.9211583e-5 - (square(x0 + 0.6235413) * 0.00032798268)"
9,5.863811e-8,"((-0.0004087362 - (x0 * 0.00032843987)) * x0) + -8.785808e-5"
10,4.165866e-8,"square(x0 + 0.70662856) * ((x0 * 0.00012785295) - 0.00045144657)"
