Complexity,Loss,Equation
1,0.3891636,"x0"
3,0.12891543,"x0 + -0.51015705"
5,0.005450747,"(x0 * 0.63957435) + -0.4947172"
7,2.3134995e-5,"(-36.088287 / (x0 - -7.5836334)) + 4.3443527"
