Complexity,Loss,Equation
1,0.0221753,"0.21782975"
3,0.009397756,"x0 * 0.13181348"
5,0.0037144152,"x0 / (x0 + 4.556089)"
6,0.0014641514,"x0 / (square(x0) + 2.6947315)"
7,0.0010497204,"((x0 * -0.04995235) + 0.26418397) * x0"
8,8.413775e-5,"cube((x0 * 0.23489867) - 0.6653261) - -0.31695637"
