Complexity,Loss,Equation
1,4.029369,"1.5035266"
3,1.4408982,"1.4866194 - x0"
5,0.8110725,"1.4730779 - (x0 * 1.7932605)"
6,0.6100704,"exp(x0 * (-2.4987884 - x0))"
7,0.5881996,"exp(x0 * (exp(x0) * -3.8907254))"
8,0.2863606,"exp(x0 * (-2.1847923 - x0)) - x0"
10,0.2397726,"(2.7013245 - exp((2.162122 - x0) * x0)) - x0"
