Complexity,Loss,Equation
1,0.07708893,"-0.04914634"
3,0.042613193,"x0 * -0.19197647"
4,0.032013927,"cube(x0 * -0.3705235)"
6,0.029701004,"(cube(x0) + 0.94610643) * -0.050800268"
8,0.02809724,"(x0 + (cube(x0) - -1.1258692)) * -0.043518353"
9,0.022219561,"cube(x0 - cube(x0 * 0.32412827)) * -0.11827853"
