Complexity,Loss,Equation
1,0.049733065,"-0.20640443"
2,0.04973306,"log(0.813548)"
5,0.018700942,"(x0 + 1.0992507) * -0.18069242"
6,0.014577721,"log((x0 * -0.16439475) + 0.83648443)"
7,0.0017762578,"(x0 * -0.18451804) * (x0 + 0.8963585)"
8,0.0016855508,"x0 * log((x0 * -0.15542206) + 0.8723141)"
9,0.0005570525,"((x0 + 1.0777112) * (-0.15492278 * x0)) + -0.051694904"
10,0.00034465292,"(log((x0 * -0.13043319) + 0.863771) * x0) + -0.052854795"
