Complexity,Loss,Equation
1,0.043553494,"0.6703755"
5,0.024233596,"sqrt(square(x0)) / 1.495591"
6,0.0015223965,"sqrt(sqrt(square(x0))) / 1.3451229"
7,0.0008423108,"sqrt(square(x0 * -0.40704525)) - -0.30843857"
8,0.00015857967,"sqrt(sqrt(square(x0) - -0.021143498)) * 0.73558336"
10,0.0001226727,"sqrt((sqrt(square(x0) - -0.043906312) * 0.5667517) + -0.03410096)"
