subnetwork_size,avg_R2,#R2>0.99,avg_time R2>0.99
5,0.983130668771678,25,2.6523547080042773
7,0.9797111585222441,23,2.2661728260851386
9,0.967555138571509,17,2.8622787352993755
11,0.9638482928276062,10,2.023136839992367
13,0.9489553139127535,8,1.449725375015987
15,0.9471066285823954,8,1.9297216749910149
17,0.9050184878809698,6,1.5182537333166692
19,0.8987219128115423,6,1.9127527333427377
21,0.8822100758552551,5,2.3365730399847964
23,0.8503668842644527,4,2.3199367999914102
