Complexity,Loss,Equation
1,0.40268624,"-0.53050846"
3,0.14050037,"x0 + -0.5733115"
4,0.029279266,"-0.4046204 / exp(x0)"
5,0.015909413,"(x0 * 0.6381193) + -0.5574194"
6,0.0064595127,"log((x0 * 0.33664662) + 0.6712799)"
7,0.002933613,"log(exp(x0 * 0.3778365) + -0.38322937)"
8,0.0007782277,"log((x0 * 0.28374642) + 0.75821686) * 1.5859119"
9,5.2391562e-5,"((x0 * -0.14493167) + 0.5374151) * (x0 + -0.78224)"
10,2.1979768e-5,"(x0 * square((x0 * -0.09151375) + 0.7976518)) + -0.419767"
