Complexity,Loss,Equation
1,2.251221,"1.3544679"
3,0.3949846,"1.3504971 - x0"
4,0.18567719,"exp(-0.086336434 - x0)"
6,0.0075799753,"exp(2.5728824 - exp(exp(x0)))"
8,0.0042188554,"exp(2.5999877 - exp(exp(x0))) + -0.080265164"
10,0.0035968043,"exp(2.6619592 - exp(exp(x0) + 0.046601497)) + -0.060725417"
