Complexity,Loss,Equation
1,0.3136294,"-0.3899859"
3,0.21796152,"x0 * 0.5053711"
5,0.04006198,"x0 / (x0 - -2.449112)"
6,0.005264487,"log((x0 + 2.0878317) * 0.36506584)"
7,0.00039957135,"(x0 / (x0 - -2.592896)) + -0.21647486"
