Complexity,Loss,Equation
1,4.331745e-8,"0.000111165595"
3,1.3526512e-8,"x0 * 0.00021035876"
5,3.0805956e-9,"(x0 * 0.00020575151) + 0.00010229555"
6,1.1414703e-9,"log(x0 + 1.826533) * 0.00028049503"
8,3.0955805e-10,"(log(x0 + 2.2634056) * 0.0004164691) + -0.00019123613"
9,4.3969332e-16,"(((x0 * -6.383643e-5) + 0.00021141772) * x0) + 0.0001628492"
