Complexity,Loss,Equation
1,0.0050590653,"0.05300389"
3,0.0041391673,"x0 * -0.06257483"
5,0.0009476888,"0.08485864 / (x0 - -1.9405221)"
7,0.0001638259,"(0.36939603 / (x0 - -2.672556)) - 0.106391944"
9,3.4072546e-5,"0.021305915 - (x0 * ((x0 * -0.036353692) + 0.06830818))"
