Complexity,Loss,Equation
1,0.34048134,"0.5179653"
3,0.20200802,"0.48206875 - x0"
4,0.023750767,"exp(-1.0597357 - x0)"
5,0.010531889,"(x0 - 0.87690675) * -0.5673825"
6,0.008090349,"square(-1.517321 / exp(exp(x0)))"
7,0.007978609,"2.2421029 / exp(exp(x0) / 0.5210966)"
8,7.880642e-6,"-0.309532 - (square(x0 + -2.4351368) / -8.619597)"
