Complexity,Loss,Equation
1,0.029522037,"-0.19057976"
5,0.0027479783,"0.31980455 / (x0 + -2.1756856)"
7,0.000520843,"(0.94722116 / (x0 + -2.8158169)) + 0.20667823"
9,0.00013109612,"((x0 * (x0 + 1.8362013)) * -0.0828953) + -0.10518178"
10,8.268346e-5,"log(((-0.055377454 * (x0 + 2.1481743)) * x0) + 0.89546007)"
