Complexity,Loss,Equation
1,0.018837893,"-0.1323033"
4,0.00028120133,"-0.09318197 / exp(x0)"
6,0.00017254917,"(-0.09871002 / exp(x0)) + 0.015348214"
8,7.3373114e-5,"(-0.088050626 / exp(x0)) + (x0 * 0.018078651)"
9,3.500788e-5,"(-0.10053663 / exp(x0)) + (square(x0) * 0.016583484)"
10,1.1933283e-5,"(-0.102095425 / exp(x0)) + (sqrt(square(x0)) * 0.024848983)"
