Complexity,Loss,Equation
1,0.33182308,"0.4378762"
3,0.17774183,"0.4808745 - x0"
4,0.032942064,"exp(-1.0501275 - x0)"
5,0.010939441,"(x0 / -1.7217394) + 0.4601916"
6,0.0012080083,"exp(x0 * -0.5342821) - 0.6764745"
8,0.0001835031,"(exp(x0 * -0.40931186) - 0.7442883) * 1.3767024"
