Complexity,Loss,Equation
1,3.7978578,"2.2062259"
3,0.9424515,"2.2109153 - x0"
4,0.68580216,"1.3187456 / exp(x0)"
5,0.034646284,"(x0 + -1.1272641) * -1.9652283"
7,0.008619863,"-0.40879658 - (-6.907563 / exp(exp(x0)))"
8,0.005910846,"(8.285943 / (exp(x0) + 0.92098874)) + -2.126444"
9,0.002380149,"-0.59249896 - (-6.854238 / exp(exp(x0 + -0.12054966)))"
10,0.00074475515,"((12.793059 / (exp(x0) + 0.94447297)) + x0) + -4.390742"
