Complexity,Loss,Equation
1,2.556157e-7,"0.00012293457"
3,1.9803938e-8,"x0 * -0.00050490076"
5,5.1740234e-9,"(x0 * -0.00050441653) + 0.00012095379"
7,5.1719415e-9,"x0 + ((x0 * -1.0005045) + 0.0001209708)"
8,4.9704636e-9,"log((x0 * -0.026364584) + 1.0066437) * 0.019255834"
9,4.7607234e-9,"(x0 * ((x0 * -2.293066e-5) + -0.0005052565)) + 0.00014352234"
10,4.737921e-9,"(x0 * ((cube(x0) * -8.820521e-6) + -0.00050537696)) + 0.0001364417"
