Complexity,Loss,Equation
1,9.024755,"5.4087706"
3,4.0359545,"0.5253424 - x0"
4,1.3016545,"log(square(square(x0)))"
5,0.45222184,"log(cube(x0) * -5.315241)"
6,0.2904953,"exp((2.0881486 / x0) + 2.342011)"
7,0.29049504,"cube(exp((0.6961042 / x0) + 0.7807046))"
8,0.14039075,"log(x0 * -0.040639587) * (x0 + 0.6491366)"
10,0.10819376,"((x0 + 1.1055225) * log(x0 * -0.045922827)) - -1.3800447"
