Complexity,Loss,Equation
1,0.013374264,"0.24511482"
3,0.00890383,"x0 / 7.464246"
5,0.003907331,"x0 / (x0 + 4.571497)"
6,0.0003252455,"(-0.34164217 / exp(x0)) + 0.3567921"
10,0.00032524473,"((-0.34164217 / exp(x0)) + (0.3567921 + x0)) - x0"
