Complexity,Loss,Equation
1,0.3136294,"-0.38998455"
3,0.21796152,"x0 * 0.5053711"
5,0.04006198,"x0 / (x0 + 2.4491107)"
6,0.005264486,"log(x0 - -2.0879242) + -1.0077994"
7,0.0003995736,"(x0 / (x0 + 2.5929863)) + -0.21649571"
