Complexity,Loss,Equation
1,0.013201227,"-0.5209077"
5,0.0029205722,"1.1861026 / (x0 + -1.9080817)"
6,0.00061837124,"0.9411266 / (exp(x0) + -2.5759978)"
7,0.00054798776,"(0.21280086 / (x0 + -0.78961545)) + -0.3168034"
8,5.3088366e-5,"-0.44131732 - (exp(x0 / 0.32012203) * 0.13266142)"
