Complexity,Loss,Equation
1,0.3136294,"-0.3899852"
3,0.21796153,"x0 * 0.5052727"
5,0.04006198,"x0 / (x0 - -2.449082)"
6,0.005264485,"log(x0 + 2.0879033) - 1.007748"
7,0.00039957135,"(x0 / (x0 + 2.5929003)) - 0.2164642"
