Complexity,Loss,Equation
1,0.0036567634,"0.0360548"
3,0.002613818,"x0 * -0.04878779"
4,0.0006001292,"0.030657806 / exp(x0)"
5,6.545253e-5,"0.008078757 / square(exp(x0))"
6,4.838884e-5,"cube((x0 * -0.26092058) + 0.15530574)"
7,1.20882105e-5,"0.72971255 / exp(exp(x0 - -1.880239))"
8,1.2088092e-5,"0.72946286 / cube(exp(exp(x0 - -0.7813781)))"
9,1.0953012e-5,"0.8707779 / (exp(exp(x0 - -1.9377131)) + 0.4332844)"
10,1.0193513e-5,"square(1.5113426 / (exp(exp(x0 - -1.4537914)) + 1.0649816))"
