Complexity,Loss,Equation
1,0.00030579336,"-0.037513763"
5,0.00026396342,"(x0 * -0.0066342796) + -0.03722596"
6,0.00026351502,"log((x0 * -0.006452785) + 0.9634833)"
7,0.00015835019,"((x0 * x0) * -0.013895736) + -0.024277596"
8,0.00015797076,"log((x0 * (x0 * -0.013348292)) + 0.97597903)"
9,0.00013034066,"(((x0 + 0.41017887) * x0) * -0.013295389) + -0.024616703"
10,0.000104618564,"log((x0 * -0.16460447) + 0.97693986) - (x0 * -0.16608198)"
