Complexity,Loss,Equation
1,0.3136294,"-0.38998565"
3,0.21796152,"x0 * 0.5053711"
5,0.04006198,"x0 / (x0 + 2.4490817)"
6,0.005264486,"log((x0 * 0.36502513) + 0.7621605)"
7,0.00039957368,"(x0 / (x0 + 2.5929875)) - 0.21649666"
