Complexity,Loss,Equation
1,3.9841535,"2.3999085"
3,1.025474,"2.4513292 - x0"
4,0.6597261,"exp(0.38268954 - x0)"
5,0.016579434,"exp(1.902538 - exp(x0))"
7,0.002754039,"exp(1.9503334 - exp(x0)) + -0.19271679"
9,0.002440682,"exp(1.9542118 - exp(x0 + 0.026123775)) + -0.15909827"
