Complexity,Loss,Equation
1,0.013374252,"0.24516517"
3,0.008902779,"x0 * 0.13344851"
5,0.003907332,"x0 / (x0 + 4.572492)"
6,0.00032491144,"(-0.3400395 / exp(x0)) + 0.3559847"
8,7.30342e-5,"x0 * (0.37282416 / exp(x0 * 0.4236069))"
10,9.747112e-6,"x0 / (square((x0 + 2.4184666) / 1.5279645) - x0)"
