Complexity,Loss,Equation
1,0.072484806,"-0.011328572"
3,0.0016757762,"x0 * -0.27294394"
5,0.0016756799,"(x0 * -0.27295572) + 0.0003093028"
6,7.530027e-5,"log((x0 * -0.26932737) + 1.0355442)"
8,2.6912654e-5,"log((x0 * -0.31808034) + 1.0497627) * 0.8363763"
10,2.4356015e-5,"(x0 * 0.027734043) + log((x0 * -0.2938508) + 1.0422978)"
