Complexity,Loss,Equation
1,1.5862096e-8,"-0.002060158"
5,1.5634899e-12,"(x0 * -0.00043617538) - 0.001843198"
7,1.5552192e-12,"((x0 * 0.9995638) - 0.001843199) - x0"
9,8.3359885e-16,"(x0 * (-0.00041975183 - (1.6455468e-5 * x0))) - 0.0018459238"
10,8.335018e-16,"(x0 * -0.00041975023) - ((square(x0) * 1.6457296e-5) - -0.0018459241)"
