Complexity,Loss,Equation
1,4.4605346,"1.6517104"
3,1.6780967,"1.6477435 - x0"
4,0.17119387,"exp(x0 * -1.17229)"
6,0.09378538,"exp(0.35866305 - x0) + -0.61320096"
7,0.005402769,"exp(2.4799547 - exp(x0 + 1.1725262))"
8,0.0052184444,"exp(4.4379873 - exp(exp(x0) + 0.7655241))"
9,0.002265999,"exp(2.2754233 - exp((x0 + 0.9668263) / 0.81577003))"
